{
  "intrasentence": {
    "gender": {
      "Count": 765.0,
      "LM Score": 88.02979894501634,
      "SS Score": 58.841702902572464,
      "ICAT Score": 72.46313236811591
    },
    "profession": {
      "Count": 2430.0,
      "LM Score": 89.72687198969804,
      "SS Score": 60.00923885149997,
      "ICAT Score": 71.76491812684104
    },
    "race": {
      "Count": 2886.0,
      "LM Score": 86.56107868219452,
      "SS Score": 58.08137108513399,
      "ICAT Score": 72.57043471498862
    },
    "religion": {
      "Count": 237.0,
      "LM Score": 84.4367816091954,
      "SS Score": 54.02298850574713,
      "ICAT Score": 77.64301757167394
    },
    "overall": {
      "Count": 2106.0,
      "LM Score": 87.86852312060373,
      "SS Score": 58.75560150826314,
      "ICAT Score": 72.48168764933148
    }
  },
  "intersentence": {
    "gender": {
      "Count": 726.0,
      "LM Score": 85.95185008228486,
      "SS Score": 53.38029321724974,
      "ICAT Score": 80.14100096542057
    },
    "profession": {
      "Count": 2481.0,
      "LM Score": 72.7908066154173,
      "SS Score": 52.38766238499275,
      "ICAT Score": 69.31480919683904
    },
    "race": {
      "Count": 2928.0,
      "LM Score": 76.50494920395892,
      "SS Score": 51.49425411284266,
      "ICAT Score": 74.21859250394222
    },
    "religion": {
      "Count": 234.0,
      "LM Score": 75.82758620689656,
      "SS Score": 56.92528735632184,
      "ICAT Score": 65.32502972651605
    },
    "overall": {
      "Count": 2123.0,
      "LM Score": 76.26460290188072,
      "SS Score": 52.278503972830144,
      "ICAT Score": 72.78921888791575
    }
  },
  "overall": {
    "Count": 4229.0,
    "LM Score": 82.04278878773559,
    "SS Score": 55.46550215023896,
    "ICAT Score": 73.07468801711619
  }
}