{
  "intrasentence": {
    "gender": {
      "Count": 765.0,
      "LM Score": 83.80666877406007,
      "SS Score": 63.41755297842254,
      "ICAT Score": 61.31706040963885
    },
    "profession": {
      "Count": 2430.0,
      "LM Score": 87.2469857981161,
      "SS Score": 59.50056996205838,
      "ICAT Score": 70.66906394704178
    },
    "race": {
      "Count": 2886.0,
      "LM Score": 83.59583330872618,
      "SS Score": 56.12789099991802,
      "ICAT Score": 73.35051021746237
    },
    "religion": {
      "Count": 237.0,
      "LM Score": 85.40229885057471,
      "SS Score": 54.80459770114942,
      "ICAT Score": 77.19582507596776
    },
    "overall": {
      "Count": 2106.0,
      "LM Score": 85.07763490316394,
      "SS Score": 58.281145541094595,
      "ICAT Score": 70.98682936465974
    }
  },
  "intersentence": {
    "gender": {
      "Count": 726.0,
      "LM Score": 85.95185008228486,
      "SS Score": 53.38029321724974,
      "ICAT Score": 80.14100096542057
    },
    "profession": {
      "Count": 2481.0,
      "LM Score": 72.7908066154173,
      "SS Score": 52.38766238499275,
      "ICAT Score": 69.31480919683904
    },
    "race": {
      "Count": 2928.0,
      "LM Score": 76.50494920395892,
      "SS Score": 51.49425411284266,
      "ICAT Score": 74.21859250394222
    },
    "religion": {
      "Count": 234.0,
      "LM Score": 75.82758620689656,
      "SS Score": 56.92528735632184,
      "ICAT Score": 65.32502972651605
    },
    "overall": {
      "Count": 2123.0,
      "LM Score": 76.26460290188072,
      "SS Score": 52.278503972830144,
      "ICAT Score": 72.78921888791575
    }
  },
  "overall": {
    "Count": 4229.0,
    "LM Score": 80.64248389857964,
    "SS Score": 55.20831678135034,
    "ICAT Score": 72.2422518550047
  }
}