{
  "intrasentence": {
    "gender": {
      "Count": 765.0,
      "LM Score": 86.69408095929836,
      "SS Score": 58.52969043838609,
      "ICAT Score": 71.90460749083442
    },
    "profession": {
      "Count": 2430.0,
      "LM Score": 85.78000351770332,
      "SS Score": 56.98380564204749,
      "ICAT Score": 73.79858606686751
    },
    "race": {
      "Count": 2886.0,
      "LM Score": 84.57205799289665,
      "SS Score": 57.09648461737941,
      "ICAT Score": 72.56877182076244
    },
    "religion": {
      "Count": 237.0,
      "LM Score": 82.82758620689656,
      "SS Score": 63.17241379310345,
      "ICAT Score": 61.00680142687276
    },
    "overall": {
      "Count": 2106.0,
      "LM Score": 85.23313622138039,
      "SS Score": 57.46584507911713,
      "ICAT Score": 72.50638840865814
    }
  },
  "intersentence": {
    "gender": {
      "Count": 726.0,
      "LM Score": 85.95185008228486,
      "SS Score": 53.38029321724974,
      "ICAT Score": 80.14100096542057
    },
    "profession": {
      "Count": 2481.0,
      "LM Score": 72.7908066154173,
      "SS Score": 52.38766238499275,
      "ICAT Score": 69.31480919683904
    },
    "race": {
      "Count": 2928.0,
      "LM Score": 76.50494920395892,
      "SS Score": 51.49425411284266,
      "ICAT Score": 74.21859250394222
    },
    "religion": {
      "Count": 234.0,
      "LM Score": 75.82758620689656,
      "SS Score": 56.92528735632184,
      "ICAT Score": 65.32502972651605
    },
    "overall": {
      "Count": 2123.0,
      "LM Score": 76.26460290188072,
      "SS Score": 52.278503972830144,
      "ICAT Score": 72.78921888791575
    }
  },
  "overall": {
    "Count": 4229.0,
    "LM Score": 80.7131379113743,
    "SS Score": 54.81065887242486,
    "ICAT Score": 72.94747045108222
  }
}