{
    "combination": {
        "num_epoches": 2,
        "lr": 0.0006,
        "batch_size": 50,
        "optimizer": "adam",
        "in_net": true,
        "in_net_init_identity": true,
        "out_net": true,
        "out_net_init_identity": true,
        "freeze_ln": false,
        "freeze_pos": false,
        "freeze_wte": false,
        "dup_lm_head": false,
        "dup_lm_head_bias": false,
        "freeze_ff": true,
        "freeze_attn": true,
        "model_save_path": "official-matrix-results/unprejudiced_ln_wpe_wte_io"
    },
    "results": {
        "intrasentence": {
            "gender": {
                "Count": [
                    765.0,
                    765.0,
                    765.0,
                    765.0,
                    765.0,
                    765.0,
                    765.0,
                    765.0,
                    765.0,
                    765.0
                ],
                "LM Score": [
                    90.55810027331766,
                    91.40096111617851,
                    91.13614260135999,
                    91.07478729000466,
                    91.31158752680491,
                    91.34805106326846,
                    91.53796984014376,
                    91.0110547262721,
                    90.73799445321184,
                    90.68267939789679
                ],
                "SS Score": [
                    66.81065359761013,
                    66.33071019157975,
                    63.40482609178262,
                    66.13163149250107,
                    66.25976262063219,
                    65.81805360501012,
                    67.2708256316952,
                    65.41252724730985,
                    66.68731654818612,
                    66.6890899760465
                ],
                "ICAT Score": [
                    60.111283190269944,
                    61.54810897177528,
                    66.70285975641735,
                    61.69108915359916,
                    61.617492772826374,
                    62.44908369462882,
                    59.91924352437381,
                    62.956847510770565,
                    60.4545217254458,
                    60.414451483087234
                ]
            },
            "profession": {
                "Count": [
                    2430.0,
                    2430.0,
                    2430.0,
                    2430.0,
                    2430.0,
                    2430.0,
                    2430.0,
                    2430.0,
                    2430.0,
                    2430.0
                ],
                "LM Score": [
                    92.29883988595721,
                    92.03481252336664,
                    92.32753282988004,
                    92.51230370502448,
                    92.27759250572994,
                    91.99133809655886,
                    91.58335553792976,
                    92.05163318939707,
                    92.52764533976269,
                    91.85850111659546
                ],
                "SS Score": [
                    60.63636484894082,
                    61.431217387879386,
                    60.826831671767664,
                    60.633294621677045,
                    60.97102028469007,
                    60.177554097490095,
                    60.69776406386327,
                    60.510909237111456,
                    59.97351667646621,
                    61.01518572937461
                ],
                "ICAT Score": [
                    72.66435716273696,
                    70.99341353922009,
                    72.33523969750577,
                    72.83809207651267,
                    72.0300057216754,
                    73.26640169699428,
                    71.98861294349621,
                    72.70070595776448,
                    74.0711250631572,
                    71.62173210417018
                ]
            },
            "race": {
                "Count": [
                    2886.0,
                    2886.0,
                    2886.0,
                    2886.0,
                    2886.0,
                    2886.0,
                    2886.0,
                    2886.0,
                    2886.0,
                    2886.0
                ],
                "LM Score": [
                    89.78556328444421,
                    89.59882439437756,
                    90.62817158489887,
                    89.78041732578544,
                    89.4019756123261,
                    89.8760984753066,
                    89.45344922768207,
                    89.64170601992049,
                    89.50337752742534,
                    89.5530376270789
                ],
                "SS Score": [
                    58.98249457493492,
                    58.99206829233281,
                    60.880550541384764,
                    60.639728383061005,
                    59.75070862227082,
                    61.331862353884276,
                    60.100876368109006,
                    59.682369145096786,
                    59.95173601499203,
                    60.664880403654834
                ],
                "ICAT Score": [
                    73.65559658224429,
                    73.485249437038,
                    70.90648355684321,
                    70.67563223650102,
                    71.96732332330302,
                    69.50682693878015,
                    71.38228460068741,
                    72.28282425029819,
                    71.6890978153632,
                    70.45158890554293
                ]
            },
            "religion": {
                "Count": [
                    237.0,
                    237.0,
                    237.0,
                    237.0,
                    237.0,
                    237.0,
                    237.0,
                    237.0,
                    237.0,
                    237.0
                ],
                "LM Score": [
                    88.16091954022988,
                    91.3103448275862,
                    88.82758620689656,
                    88.25287356321839,
                    86.91954022988506,
                    88.06896551724138,
                    88.73563218390804,
                    90.64367816091954,
                    88.82758620689656,
                    90.73563218390804
                ],
                "SS Score": [
                    56.50574712643678,
                    52.6896551724138,
                    54.02298850574713,
                    56.50574712643678,
                    55.17241379310345,
                    57.839080459770116,
                    52.50574712643678,
                    55.17241379310345,
                    56.50574712643678,
                    51.54022988505747
                ],
                "ICAT Score": [
                    76.68986656097239,
                    86.3984780023781,
                    81.68053904082441,
                    76.76985599154446,
                    77.92786365437969,
                    74.26137138327388,
                    84.28865107676046,
                    81.26674593737613,
                    77.2697899326199,
                    87.94055753732329
                ]
            },
            "overall": {
                "Count": [
                    2106.0,
                    2106.0,
                    2106.0,
                    2106.0,
                    2106.0,
                    2106.0,
                    2106.0,
                    2106.0,
                    2106.0,
                    2106.0
                ],