{
    "combination": {
        "num_epoches": 6,
        "lr": 0.003,
        "batch_size": 50,
        "optimizer": "adam",
        "in_net": false,
        "in_net_init_identity": false,
        "out_net": false,
        "out_net_init_identity": false,
        "freeze_ln": false,
        "freeze_pos": false,
        "freeze_wte": true,
        "dup_lm_head": false,
        "dup_lm_head_bias": false,
        "freeze_ff": true,
        "freeze_attn": true,
        "model_save_path": "official-matrix-results/unprejudiced_ln_wpe"
    },
    "results": {
        "intrasentence": {
            "gender": {
                "Count": [
                    765.0,
                    765.0,
                    765.0,
                    765.0,
                    765.0,
                    765.0,
                    765.0,
                    765.0,
                    765.0,
                    765.0
                ],
                "LM Score": [
                    92.7176858568163,
                    93.08322900931596,
                    92.32134886047929,
                    92.62795891708936,
                    92.12632721545765,
                    92.80210144123187,
                    92.41691625604669,
                    92.60210144123188,
                    93.01657899266596,
                    92.42447110055807
                ],
                "SS Score": [
                    58.558831667527315,
                    60.21846430542083,
                    58.20878654356915,
                    62.85139096008662,
                    58.70711784190045,
                    60.08912842391103,
                    60.473775982471636,
                    62.21483492353057,
                    61.9558024905851,
                    60.145115753811396
                ],
                "ICAT Score": [
                    76.84658453979293,
                    74.0598759480158,
                    77.16442393627818,
                    68.81999663952223,
                    76.08323146732825,
                    74.07625505224374,
                    73.05783469891321,
                    69.9797137876983,
                    70.77482205694153,
                    73.67133194455891
                ]
            },
            "profession": {
                "Count": [
                    2430.0,
                    2430.0,
                    2430.0,
                    2430.0,
                    2430.0,
                    2430.0,
                    2430.0,
                    2430.0,
                    2430.0,
                    2430.0
                ],
                "LM Score": [
                    93.12784372674922,
                    94.06731011795789,
                    93.69368564200676,
                    93.85522925235688,
                    93.82916928497134,
                    93.48870087830163,
                    93.40373500784071,
                    94.15669883394328,
                    94.25990487137251,
                    93.77967183691065
                ],
                "SS Score": [
                    62.508055021355624,
                    61.84743560382031,
                    61.21201259239156,
                    60.50192891774077,
                    61.25949015855352,
                    60.15307657034453,
                    59.480325304676036,
                    61.2593173087823,
                    61.81040767083471,
                    61.70338192489153
                ],
                "ICAT Score": [
                    69.83087985966147,
                    71.77818213701588,
                    72.68378997709164,
                    74.14201032902655,
                    72.69979712198361,
                    74.50474210871297,
                    75.69377915691896,
                    72.95389585556688,
                    71.99494680047236,
                    71.82888551094346
                ]
            },
            "race": {
                "Count": [
                    2886.0,
                    2886.0,
                    2886.0,
                    2886.0,
                    2886.0,
                    2886.0,
                    2886.0,
                    2886.0,
                    2886.0,
                    2886.0
                ],
                "LM Score": [
                    91.0223231488533,
                    91.21319454686072,
                    91.39933271336287,
                    91.74224982225451,
                    90.88554271674474,
                    91.26214929907371,
                    91.26512135185419,
                    91.49484101667923,
                    91.64405301363871,
                    91.34223564879609
                ],
                "SS Score": [
                    61.834064618059706,
                    60.82400200173773,
                    62.92807397744108,
                    60.861502629894645,
                    61.562841156193,
                    60.723637986731575,
                    60.68541428392551,
                    60.35250135410068,
                    62.66790705128793,
                    61.36633712121035
                ],
                "ICAT Score": [
                    69.47904207226446,
                    71.46735853965845,
                    67.76698601722076,
                    71.81307606791714,
                    69.86764084018247,
                    71.6889042795874,
                    71.76100872550823,
                    72.55083170631127,
                    68.42528610603712,
                    70.577702773011
                ]
            },
            "religion": {
                "Count": [
                    237.0,
                    237.0,
                    237.0,
                    237.0,
                    237.0,
                    237.0,
                    237.0,
                    237.0,
                    237.0,
                    237.0
                ],
                "LM Score": [
                    87.97701149425286,
                    88.55172413793105,
                    88.55172413793105,
                    87.88505747126437,
                    87.97701149425286,
                    88.55172413793105,
                    89.88505747126437,
                    89.21839080459772,
                    87.97701149425286,
                    87.88505747126437
                ],
                "SS Score": [
                    56.6896551724138,
                    60.50574712643678,
                    59.17241379310345,
                    58.02298850574713,
                    57.05747126436781,
                    55.54022988505747,
                    58.02298850574713,
                    60.50574712643678,
                    59.356321839080465,
                    54.206896551724135
                ],
                "ICAT Score": [
                    76.20629409433212,
                    69.94568370986921,
                    72.30706302021403,
                    73.78304135288677,
                    75.55910688333994,
                    78.73978596908444,
                    75.46212181265689,
                    70.4722737481834,
                    71.51418681463863,
                    80.49059056678558
                ]
            },
            "overall": {
                "Count": [
                    2106.0,
                    2106.0,
                    2106.0,
                    2106.0,
                    2106.0,
                    2106.0,
                    2106.0,
                    2106.0,
                    2106.0,
                    2106.0
                ],