{
    "combination": {
        "num_epoches": 2,
        "lr": 0.0005,
        "batch_size": 50,
        "optimizer": "adam",
        "in_net": false,
        "in_net_init_identity": false,
        "out_net": false,
        "out_net_init_identity": false,
        "freeze_ln": false,
        "freeze_pos": false,
        "freeze_wte": false,
        "dup_lm_head": false,
        "dup_lm_head_bias": false,
        "freeze_ff": true,
        "freeze_attn": true,
        "model_save_path": "official-matrix-results/unprejudiced_ln_wpe_wte"
    },
    "results": {
        "intrasentence": {
            "gender": {
                "Count": [
                    765.0,
                    765.0,
                    765.0,
                    765.0,
                    765.0,
                    765.0,
                    765.0,
                    765.0,
                    765.0,
                    765.0
                ],
                "LM Score": [
                    92.43129873347264,
                    91.43259373476765,
                    92.13629743847136,
                    91.20926151143541,
                    91.21010326227717,
                    90.91594371811763,
                    92.16193846411238,
                    90.7934365956105,
                    91.49714029931422,
                    92.1860809882549
                ],
                "SS Score": [
                    66.29504215591172,
                    64.59507545594502,
                    64.75800511887468,
                    65.29829815916771,
                    65.54005640092598,
                    63.945917206786774,
                    64.58617694704652,
                    63.05985254680907,
                    64.32537108624065,
                    64.70672306759263
                ],
                "ICAT Score": [
                    62.30786054572053,
                    64.74328164093365,
                    64.94133845384896,
                    63.302331961846626,
                    62.86190028167578,
                    65.55781924072254,
                    65.27613161970525,
                    67.07845871247586,
                    65.28253053696422,
                    65.07097771263628
                ]
            },
            "profession": {
                "Count": [
                    2430.0,
                    2430.0,
                    2430.0,
                    2430.0,
                    2430.0,
                    2430.0,
                    2430.0,
                    2430.0,
                    2430.0,
                    2430.0
                ],
                "LM Score": [
                    91.50663838517907,
                    91.3841405897646,
                    91.54163846119926,
                    92.10871917475984,
                    91.7002340641914,
                    91.72268326516071,
                    91.71685663914732,
                    92.07914694037439,
                    91.62663625661372,
                    91.73828749118161
                ],
                "SS Score": [
                    60.91353813513963,
                    61.44278715023322,
                    61.13515981056566,
                    61.638794206229036,
                    60.299569945684794,
                    61.1775280082693,
                    60.962123282431676,
                    61.153088803370316,
                    60.77432768084297,
                    61.70749997537894
                ],
                "ICAT Score": [
                    71.53341463247739,
                    70.4703551962513,
                    71.1550229894697,
                    70.6680306332724,
                    72.81077456859526,
                    71.21802604136175,
                    71.60862684803843,
                    71.53980888508279,
                    71.88232819017045,
                    70.25776752029532
                ]
            },
            "race": {
                "Count": [
                    2886.0,
                    2886.0,
                    2886.0,
                    2886.0,
                    2886.0,
                    2886.0,
                    2886.0,
                    2886.0,
                    2886.0,
                    2886.0
                ],
                "LM Score": [
                    89.39366288698176,
                    88.91691870810712,
                    88.8148278711025,
                    88.65197683325145,
                    88.94004894408926,
                    88.98160530751596,
                    88.98987712828776,
                    88.74682356747407,
                    88.93669443046905,
                    88.60432344793122
                ],
                "SS Score": [
                    60.59579079694762,
                    60.39917866627228,
                    59.61793655894321,
                    60.443527899767524,
                    59.37404465377777,
                    60.16753875892854,
                    59.72543458213392,
                    59.91491727646836,
                    60.339473040629855,
                    59.782459993998046
                ],
                "ICAT Score": [
                    70.44973187651537,
                    70.42366022610683,
                    71.730520271948,
                    70.13518896469934,
                    72.26548913786779,
                    70.88712689159895,
                    71.68057255862179,
                    71.14847528305731,
                    70.54552334273765,
                    71.26895845943822
                ]
            },
            "religion": {
                "Count": [
                    237.0,
                    237.0,
                    237.0,
                    237.0,
                    237.0,
                    237.0,
                    237.0,
                    237.0,
                    237.0,
                    237.0
                ],
                "LM Score": [
                    86.16091954022988,
                    84.16091954022988,
                    86.06896551724138,
                    85.49425287356321,
                    85.49425287356321,
                    85.49425287356321,
                    85.40229885057471,
                    85.49425287356321,
                    85.49425287356321,
                    86.16091954022988
                ],
                "SS Score": [
                    56.50574712643678,
                    56.50574712643678,
                    54.02298850574713,
                    56.6896551724138,
                    55.356321839080465,
                    55.17241379310345,
                    55.356321839080465,
                    55.17241379310345,
                    57.839080459770116,
                    57.839080459770116
                ],
                "ICAT Score": [
                    74.95009644602986,
                    73.21032633108733,
                    79.14387633769323,
                    74.05571145461751,
                    76.33555819791253,
                    76.65001981767736,
                    76.25345488175452,
                    76.65001981767736,
                    72.09032633108733,
                    72.65247192495706
                ]
            },
            "overall": {
                "Count": [
                    2106.0,
                    2106.0,
                    2106.0,
                    2106.0,
                    2106.0,
                    2106.0,
                    2106.0,
                    2106.0,
                    2106.0,
                    2106.0
                ],