{
    "combination": {
        "num_epoches": 6,
        "lr": 0.003,
        "batch_size": 50,
        "optimizer": "adam",
        "in_net": false,
        "in_net_init_identity": false,
        "out_net": false,
        "out_net_init_identity": false,
        "freeze_ln": false,
        "freeze_pos": true,
        "freeze_wte": true,
        "dup_lm_head": false,
        "dup_lm_head_bias": false,
        "freeze_ff": true,
        "freeze_attn": true,
        "model_save_path": "official-matrix-results/unprejudiced_ln"
    },
    "results": {
        "intrasentence": {
            "gender": {
                "Count": [
                    765.0,
                    765.0,
                    765.0,
                    765.0,
                    765.0,
                    765.0,
                    765.0,
                    765.0,
                    765.0,
                    765.0
                ],
                "LM Score": [
                    93.3665623426493,
                    92.54642877251572,
                    91.95577313186008,
                    93.16290730203774,
                    93.00758798367494,
                    93.10249307858003,
                    92.15099087707782,
                    92.47608245216941,
                    92.31713270626315,
                    92.11677879286576
                ],
                "SS Score": [
                    58.38937407198277,
                    59.15761774457427,
                    59.946636133592655,
                    60.61585950281602,
                    62.78687399556965,
                    59.70037756124712,
                    61.83304376782638,
                    59.555265990048596,
                    60.040410475193084,
                    58.716202477072045
                ],
                "ICAT Score": [
                    77.70082199649761,
                    75.59633240603236,
                    73.66276081734392,
                    73.38282060619163,
                    69.22206182009276,
                    75.03990638346755,
                    70.34245671113719,
                    74.80341114120652,
                    73.77909458098806,
                    76.05860888298028
                ]
            },
            "profession": {
                "Count": [
                    2430.0,
                    2430.0,
                    2430.0,
                    2430.0,
                    2430.0,
                    2430.0,
                    2430.0,
                    2430.0,
                    2430.0,
                    2430.0
                ],
                "LM Score": [
                    93.42155681049479,
                    93.55387767183865,
                    93.42505531815998,
                    93.59371897393662,
                    93.59776400546822,
                    93.68882725290892,
                    93.57614366131821,
                    93.62406293304402,
                    93.87962527193969,
                    93.71598926431035
                ],
                "SS Score": [
                    60.77570766850481,
                    61.18993047556991,
                    60.96495959149169,
                    63.27688019928815,
                    60.133628838471765,
                    60.93779497884482,
                    61.674616442008755,
                    61.06836789643107,
                    61.11483773093695,
                    61.890074259366834
                ],
                "ICAT Score": [
                    73.28788908796467,
                    72.61664993448171,
                    72.93701619022998,
                    68.74106708948065,
                    74.62806399462248,
                    73.19384356689437,
                    71.72683195395423,
                    72.89875148301309,
                    73.01048924916414,
                    71.43018783145685
                ]
            },
            "race": {
                "Count": [
                    2886.0,
                    2886.0,
                    2886.0,
                    2886.0,
                    2886.0,
                    2886.0,
                    2886.0,
                    2886.0,
                    2886.0,
                    2886.0
                ],
                "LM Score": [
                    90.96165616577254,
                    91.35420776444788,
                    91.32908615666499,
                    91.41698192444424,
                    91.17563117040191,
                    91.65110416409732,
                    91.81221818459989,
                    91.66730060218228,
                    91.86267003440439,
                    91.47314873035648
                ],
                "SS Score": [
                    62.3910273260719,
                    62.51949918790423,
                    61.190879895946715,
                    62.2345679689098,
                    61.833629820428754,
                    61.563065847493526,
                    61.93683240101294,
                    61.59105021420435,
                    61.03402466000601,
                    61.00815812609043
                ],
                "ICAT Score": [
                    68.41948882227565,
                    68.48002916607508,
                    70.88802947294883,
                    69.04803634710001,
                    69.59685781211229,
                    70.45574911519842,
                    69.89327696790386,
                    70.41689491657309,
                    71.59037070453213,
                    71.33413102005345
                ]
            },
            "religion": {
                "Count": [
                    237.0,
                    237.0,
                    237.0,
                    237.0,
                    237.0,
                    237.0,
                    237.0,
                    237.0,
                    237.0,
                    237.0
                ],
                "LM Score": [
                    89.21839080459772,
                    87.88505747126437,
                    86.73563218390804,
                    89.88505747126437,
                    89.79310344827586,
                    88.45977011494251,
                    89.79310344827586,
                    88.55172413793105,
                    88.55172413793105,
                    88.55172413793105
                ],
                "SS Score": [
                    62.98850574712643,
                    58.02298850574713,
                    56.6896551724138,
                    59.17241379310345,
                    56.87356321839081,
                    60.6896551724138,
                    59.54022988505747,
                    57.839080459770116,
                    57.05747126436781,
                    56.87356321839081
                ],
                "ICAT Score": [
                    66.04211917029993,
                    73.78304135288677,
                    75.13100277447481,
                    73.39579865239794,
                    77.44913198573127,
                    69.5476813317479,
                    72.66016646848989,
                    74.66844233055888,
                    76.05269916765756,
                    76.3784066587396
                ]
            },
            "overall": {
                "Count": [
                    2106.0,
                    2106.0,
                    2106.0,
                    2106.0,
                    2106.0,
                    2106.0,
                    2106.0,
                    2106.0,
                    2106.0,
                    2106.0
                ],