{
  "intrasentence": {
    "gender": {
      "Count": 765.0,
      "LM Score": 78.37412096759924,
      "SS Score": 58.140215822824516,
      "ICAT Score": 65.61447577559096
    },
    "profession": {
      "Count": 2430.0,
      "LM Score": 82.37941443934315,
      "SS Score": 57.35037383135994,
      "ICAT Score": 70.26902459658909
    },
    "race": {
      "Count": 2886.0,
      "LM Score": 81.19251652463878,
      "SS Score": 55.16158491593758,
      "ICAT Score": 72.81087515302701
    },
    "religion": {
      "Count": 237.0,
      "LM Score": 76.62068965517241,
      "SS Score": 54.206896551724135,
      "ICAT Score": 70.17398335315102
    },
    "overall": {
      "Count": 2106.0,
      "LM Score": 81.11286464188353,
      "SS Score": 56.3335584784553,
      "ICAT Score": 70.83820321059555
    }
  },
  "intersentence": {
    "gender": {
      "Count": 726.0,
      "LM Score": 85.95185008228486,
      "SS Score": 53.38029321724974,
      "ICAT Score": 80.14100096542057
    },
    "profession": {
      "Count": 2481.0,
      "LM Score": 72.7908066154173,
      "SS Score": 52.38766238499275,
      "ICAT Score": 69.31480919683904
    },
    "race": {
      "Count": 2928.0,
      "LM Score": 76.50494920395892,
      "SS Score": 51.49425411284266,
      "ICAT Score": 74.21859250394222
    },
    "religion": {
      "Count": 234.0,
      "LM Score": 75.82758620689656,
      "SS Score": 56.92528735632184,
      "ICAT Score": 65.32502972651605
    },
    "overall": {
      "Count": 2123.0,
      "LM Score": 76.26460290188072,
      "SS Score": 52.278503972830144,
      "ICAT Score": 72.78921888791575
    }
  },
  "overall": {
    "Count": 4229.0,
    "LM Score": 78.68151725174536,
    "SS Score": 54.26371288877222,
    "ICAT Score": 71.97200926745695
  }
}