{
  "intrasentence": {
    "gender": {
      "Count": 765.0,
      "LM Score": 79.33549678984461,
      "SS Score": 61.327199209807894,
      "ICAT Score": 61.36251725889172
    },
    "profession": {
      "Count": 2430.0,
      "LM Score": 80.80014898103877,
      "SS Score": 55.969242454064755,
      "ICAT Score": 71.1538353891913
    },
    "race": {
      "Count": 2886.0,
      "LM Score": 81.15072677650194,
      "SS Score": 57.12574925681343,
      "ICAT Score": 69.58553215615137
    },
    "religion": {
      "Count": 237.0,
      "LM Score": 77.58620689655173,
      "SS Score": 58.62068965517241,
      "ICAT Score": 64.20927467300832
    },
    "overall": {
      "Count": 2106.0,
      "LM Score": 80.65245850599158,
      "SS Score": 57.27516845482053,
      "ICAT Score": 68.91725406746134
    }
  },
  "intersentence": {
    "gender": {
      "Count": 726.0,
      "LM Score": 85.95185008228486,
      "SS Score": 53.38029321724974,
      "ICAT Score": 80.14100096542057
    },
    "profession": {
      "Count": 2481.0,
      "LM Score": 72.7908066154173,
      "SS Score": 52.38766238499275,
      "ICAT Score": 69.31480919683904
    },
    "race": {
      "Count": 2928.0,
      "LM Score": 76.50494920395892,
      "SS Score": 51.49425411284266,
      "ICAT Score": 74.21859250394222
    },
    "religion": {
      "Count": 234.0,
      "LM Score": 75.82758620689656,
      "SS Score": 56.92528735632184,
      "ICAT Score": 65.32502972651605
    },
    "overall": {
      "Count": 2123.0,
      "LM Score": 76.26460290188072,
      "SS Score": 52.278503972830144,
      "ICAT Score": 72.78921888791575
    }
  },
  "overall": {
    "Count": 4229.0,
    "LM Score": 78.40836379524426,
    "SS Score": 54.696489332707124,
    "ICAT Score": 71.04348291205658
  }
}