{
  "intrasentence": {
    "gender": {
      "Count": 765.0,
      "LM Score": 92.02262294870991,
      "SS Score": 62.34906960993918,
      "ICAT Score": 69.2947474190538
    },
    "profession": {
      "Count": 2430.0,
      "LM Score": 93.60294168150048,
      "SS Score": 62.42012429197062,
      "ICAT Score": 70.3517382859342
    },
    "race": {
      "Count": 2886.0,
      "LM Score": 91.52455845686046,
      "SS Score": 59.14679089227232,
      "ICAT Score": 74.78143850261132
    },
    "religion": {
      "Count": 237.0,
      "LM Score": 87.3103448275862,
      "SS Score": 54.39080459770114,
      "ICAT Score": 79.64309155766945
    },
    "overall": {
      "Count": 2106.0,
      "LM Score": 92.21683061850442,
      "SS Score": 60.614573554093894,
      "ICAT Score": 72.63998398799376
    }
  },
  "intersentence": {
    "gender": {
      "Count": 726.0,
      "LM Score": 85.95185008228486,
      "SS Score": 53.38029321724974,
      "ICAT Score": 80.14100096542057
    },
    "profession": {
      "Count": 2481.0,
      "LM Score": 72.7908066154173,
      "SS Score": 52.38766238499275,
      "ICAT Score": 69.31480919683904
    },
    "race": {
      "Count": 2928.0,
      "LM Score": 76.50494920395892,
      "SS Score": 51.49425411284266,
      "ICAT Score": 74.21859250394222
    },
    "religion": {
      "Count": 234.0,
      "LM Score": 75.82758620689656,
      "SS Score": 56.92528735632184,
      "ICAT Score": 65.32502972651605
    },
    "overall": {
      "Count": 2123.0,
      "LM Score": 76.26460290188072,
      "SS Score": 52.278503972830144,
      "ICAT Score": 72.78921888791575
    }
  },
  "overall": {
    "Count": 4229.0,
    "LM Score": 84.19507188831896,
    "SS Score": 56.386490994412284,
    "ICAT Score": 73.44085052054608
  }
}