{
  "intrasentence": {
    "gender": {
      "Count": 765.0,
      "LM Score": 92.68874016482712,
      "SS Score": 61.39970190839756,
      "ICAT Score": 71.55626000194822
    },
    "profession": {
      "Count": 2430.0,
      "LM Score": 93.34346784698918,
      "SS Score": 63.72520179182008,
      "ICAT Score": 67.72030920402526
    },
    "race": {
      "Count": 2886.0,
      "LM Score": 91.68295813703622,
      "SS Score": 60.479635229580154,
      "ICAT Score": 72.46687897613609
    },
    "religion": {
      "Count": 237.0,
      "LM Score": 88.55172413793105,
      "SS Score": 54.206896551724135,
      "ICAT Score": 81.10116527942927
    },
    "overall": {
      "Count": 2106.0,
      "LM Score": 92.32193800512714,
      "SS Score": 61.59038773112196,
      "ICAT Score": 70.92099685376658
    }
  },
  "intersentence": {
    "gender": {
      "Count": 726.0,
      "LM Score": 85.95185008228486,
      "SS Score": 53.38029321724974,
      "ICAT Score": 80.14100096542057
    },
    "profession": {
      "Count": 2481.0,
      "LM Score": 72.7908066154173,
      "SS Score": 52.38766238499275,
      "ICAT Score": 69.31480919683904
    },
    "race": {
      "Count": 2928.0,
      "LM Score": 76.50494920395892,
      "SS Score": 51.49425411284266,
      "ICAT Score": 74.21859250394222
    },
    "religion": {
      "Count": 234.0,
      "LM Score": 75.82758620689656,
      "SS Score": 56.92528735632184,
      "ICAT Score": 65.32502972651605
    },
    "overall": {
      "Count": 2123.0,
      "LM Score": 76.26460290188072,
      "SS Score": 52.278503972830144,
      "ICAT Score": 72.78921888791575
    }
  },
  "overall": {
    "Count": 4229.0,
    "LM Score": 84.24899014144118,
    "SS Score": 56.851801104150354,
    "ICAT Score": 72.7038436679476
  }
}