{
  "intrasentence": {
    "gender": {
      "Count": 765.0,
      "LM Score": 85.98593652724087,
      "SS Score": 62.22175103479451,
      "ICAT Score": 64.96796235264925
    },
    "profession": {
      "Count": 2430.0,
      "LM Score": 87.93018014531472,
      "SS Score": 57.67982183260451,
      "ICAT Score": 74.424417800818
    },
    "race": {
      "Count": 2886.0,
      "LM Score": 85.58021589258693,
      "SS Score": 54.307339500584945,
      "ICAT Score": 78.2077550049324
    },
    "religion": {
      "Count": 237.0,
      "LM Score": 84.3448275862069,
      "SS Score": 64.50574712643679,
      "ICAT Score": 59.87513277843836
    },
    "overall": {
      "Count": 2106.0,
      "LM Score": 86.4770509433367,
      "SS Score": 56.977134540841114,
      "ICAT Score": 74.40981056080008
    }
  },
  "intersentence": {
    "gender": {
      "Count": 726.0,
      "LM Score": 85.95185008228486,
      "SS Score": 53.38029321724974,
      "ICAT Score": 80.14100096542057
    },
    "profession": {
      "Count": 2481.0,
      "LM Score": 72.7908066154173,
      "SS Score": 52.38766238499275,
      "ICAT Score": 69.31480919683904
    },
    "race": {
      "Count": 2928.0,
      "LM Score": 76.50494920395892,
      "SS Score": 51.49425411284266,
      "ICAT Score": 74.21859250394222
    },
    "religion": {
      "Count": 234.0,
      "LM Score": 75.82758620689656,
      "SS Score": 56.92528735632184,
      "ICAT Score": 65.32502972651605
    },
    "overall": {
      "Count": 2123.0,
      "LM Score": 76.26460290188072,
      "SS Score": 52.278503972830144,
      "ICAT Score": 72.78921888791575
    }
  },
  "overall": {
    "Count": 4229.0,
    "LM Score": 81.32262293933933,
    "SS Score": 54.5515715088735,
    "ICAT Score": 73.91970826738813
  }
}